subj_id,gender,age,language,country,turkcode,condition,similarexpbefore,2.7_1,3.1_1,3.8_1,4.2_1,4.6_1,2.7_2,3.1_2,3.8_2,4.2_2,4.6_2,2.7_3,3.1_3,3.8_3,4.2_3,4.6_3,2.7_4,3.1_4,3.8_4,4.2_4,4.6_4,2.7_5,3.1_5,3.8_5,4.2_5,4.6_5,2.7_4.6_fil,2.4_4.3_fil,2.7_2.4_eq,4.6_4.3_eq,3.1_3_eq,4.7_4.6_eq,4.5_2.6_fil,4.9_3_fil
1,female,65,English,United States of America,733259,explained,1,1,1,1,1,1,1,1,1,1,1,1,1,1,1,1,1,1,1,1,1,1,1,1,1,1,0,0,1,1,0,1,1,1
2,male,47,English,United States of America,728721,unexplained,1,1,1,1,1,1,1,1,1,1,1,1,1,1,1,1,1,1,1,1,1,0,1,0,1,1,0,0,1,1,1,1,1,1
3,female,72,English,United States of America,477777,explained,1,1,1,1,1,1,1,1,1,1,1,1,1,1,1,1,1,1,1,1,1,0,1,1,0,0,0,0,1,1,1,1,1,1
4,male,40,english,United States of America,918448,unexplained,1,1,1,1,1,1,1,1,1,1,1,1,1,1,1,1,0,1,0,0,0,0,0,0,0,0,0,0,1,1,1,1,1,1
5,female,49,Tagalog,United States of America,343353,explained,1,1,1,1,1,1,1,1,1,1,1,1,1,1,1,1,1,1,1,1,1,1,1,1,1,1,0,0,1,1,1,1,1,1
6,male,26,English,United States of America,195503,explained,1,1,1,1,1,1,1,1,1,0,1,1,1,1,1,1,1,0,1,1,1,0,0,1,0,0,0,0,1,1,1,1,1,1
7,male,28,English,United States of America,512764,unexplained,0,1,1,1,1,1,1,1,1,1,1,1,1,1,1,1,1,1,1,1,1,0,0,0,1,0,0,0,1,1,1,1,1,1
8,male,34,English,United States of America,448246,explained,1,1,1,1,1,1,1,1,1,1,1,1,1,1,1,1,1,1,1,1,1,1,1,1,1,0,0,0,1,1,1,1,1,1
9,male,43,english,United States of America,521870,explained,1,1,1,1,1,1,1,1,1,1,1,1,1,1,1,1,1,1,1,1,1,1,0,0,0,0,0,0,1,1,1,1,1,1
10,male,28,English ,United States of America,463355,unexplained,1,1,1,1,1,1,1,1,1,1,1,1,1,1,1,1,1,1,1,1,1,0,0,0,0,0,0,0,1,1,1,1,1,1
11,female,46,English,United States of America,652572,explained,1,1,1,1,1,1,1,1,1,1,1,1,1,1,1,1,1,0,0,1,0,0,0,0,0,0,0,0,1,1,1,1,1,1
12,male,65,English,United States of America,574306,explained,1,1,1,1,1,1,1,1,1,1,1,1,1,1,1,1,1,1,1,1,1,0,0,0,1,1,0,0,1,1,1,1,1,1
13,female,33,english,United States of America,137968,unexplained,1,1,1,1,1,1,1,1,1,1,1,0,1,1,1,1,1,1,0,1,1,0,1,0,0,0,0,0,1,1,1,0,1,1
14,female,36,English,United States of America,745378,unexplained,1,1,1,1,1,1,1,1,1,1,1,1,1,1,1,1,0,1,1,1,1,0,0,0,0,0,0,0,1,1,1,1,1,1
15,female,35,English,United States of America,311723,explained,1,1,1,1,1,1,1,1,1,1,1,1,1,1,1,1,0,1,1,1,1,0,1,0,1,1,0,0,1,1,1,1,1,1
16,male,33,English,United States of America,403955,explained,0,1,1,1,1,1,1,1,1,1,1,0,1,1,1,1,1,1,1,1,1,0,1,1,0,1,0,0,1,1,1,1,1,1
17,female,64,English,United States of America,260822,explained,1,1,1,1,0,0,0,1,0,1,1,0,1,1,1,1,1,1,1,1,0,1,1,1,1,0,0,0,1,1,1,1,1,1
18,female,57,english,United States of America,625546,unexplained,1,1,1,1,1,1,1,1,1,1,1,1,1,1,1,1,1,1,1,1,1,1,1,1,1,1,0,0,1,1,1,1,1,1
19,male,31,English,United States of America,515445,unexplained,0,1,1,1,1,1,1,1,1,1,1,1,1,1,1,1,0,0,0,0,0,0,0,0,0,0,0,0,1,1,1,1,1,1
20,female,46,English,United States of America,505770,unexplained,1,1,1,1,1,1,1,1,1,1,1,1,1,1,1,1,1,1,1,1,1,1,1,1,1,1,0,0,1,1,1,1,1,1
21,male,47,English,United States of America,138365,unexplained,1,1,1,1,1,1,1,1,1,1,1,1,1,1,1,1,0,1,0,0,0,0,0,0,0,0,0,0,1,1,1,1,1,1
22,female,43,english,United States of America,295407,explained,1,1,1,1,1,1,1,1,1,1,1,1,0,1,1,1,1,1,1,1,1,0,0,0,1,0,0,0,1,1,1,1,1,1
23,female,36,English,United States of America,846167,unexplained,1,1,1,1,1,1,1,1,1,1,1,1,1,1,1,1,0,0,0,1,1,0,0,0,0,0,0,0,1,1,1,1,1,1
24,male,32,English,United States of America,714166,explained,0,1,1,1,1,1,1,1,1,1,1,1,1,1,1,1,1,1,1,1,1,1,0,1,1,1,0,0,1,1,1,1,1,1
25,female,61,English,United States of America,754259,unexplained,1,1,1,1,1,1,1,1,1,1,1,1,1,1,1,1,1,1,1,1,1,1,1,1,0,1,0,0,1,1,1,1,1,1
26,male,45,English,United States of America,400527,unexplained,1,1,1,1,1,1,1,1,1,1,1,1,1,1,1,1,1,1,1,1,1,0,1,0,1,1,0,0,1,1,1,1,1,1
27,female,53,English,United States of America,754544,unexplained,1,0,1,1,1,1,1,0,1,1,1,1,1,1,0,0,0,0,0,0,0,0,0,0,0,0,0,0,1,1,1,1,1,1
28,male,26,English,United States of America,712123,unexplained,1,1,1,1,1,1,1,1,1,1,1,1,1,0,0,0,0,1,0,1,0,0,1,0,0,0,0,0,1,0,1,1,1,1
29,female,54,english,United States of America,766981,explained,1,1,1,1,1,1,1,1,1,1,1,1,1,1,1,1,1,1,1,1,1,1,1,1,1,1,1,1,1,1,1,1,1,1
30,female,40,English,United States of America,227156,explained,1,1,1,1,1,1,0,1,1,0,1,0,0,0,1,1,1,0,0,0,0,0,0,0,0,0,0,0,1,1,1,1,1,1
31,female,34,english,United States of America,680397,unexplained,1,1,0,1,1,1,0,0,1,1,1,0,1,1,1,1,0,1,1,1,1,0,0,1,0,1,0,0,1,1,1,1,1,1
32,male,58,English,United States of America,686375,explained,1,1,1,1,1,1,1,1,1,0,1,1,0,1,1,0,1,1,0,1,1,1,0,0,1,1,0,0,1,1,1,1,1,1
33,female,32,English,United States of America,572504,unexplained,1,1,1,1,1,1,1,1,1,1,1,0,0,0,1,1,0,0,0,0,0,0,0,0,0,0,0,0,1,1,1,1,1,1
34,female,35,english,United States of America,601310,explained,1,1,1,1,1,1,1,1,1,1,1,1,1,1,1,1,0,0,0,0,0,0,0,0,0,0,0,0,1,1,1,1,1,1
35,female,68,English,United States of America,189431,unexplained,1,1,1,1,1,1,1,1,1,1,1,1,1,1,1,1,0,0,1,0,0,0,0,0,0,1,0,0,1,1,1,1,1,1
36,male,43,English,United States of America,211815,unexplained,1,1,1,1,1,1,1,1,1,1,1,0,1,1,1,1,0,0,1,1,1,0,0,0,0,0,0,0,1,1,1,1,1,1
37,female,35,English,United States of America,304144,explained,1,1,1,1,1,1,1,1,1,1,1,1,1,1,1,1,1,1,1,1,1,1,0,1,0,1,0,0,0,1,0,1,1,1
38,female,36,English,United States of America,149756,explained,1,1,1,1,1,1,1,1,1,1,1,1,1,1,1,1,1,1,1,1,1,1,1,1,0,0,0,0,1,1,1,1,1,1
39,female,44,English,United States of America,101707,explained,1,1,1,1,1,1,1,1,1,1,1,1,1,1,1,1,1,1,1,0,1,0,0,0,1,1,0,0,1,1,0,1,1,1
40,male,40,English,United States of America,318486,unexplained,1,1,1,1,1,1,1,1,1,1,1,1,1,1,1,1,1,1,1,1,1,0,0,1,1,1,0,0,1,1,1,1,1,1
41,female,24,English,United States of America,303518,unexplained,1,1,1,1,0,1,1,1,1,1,1,1,1,1,1,1,1,1,1,1,1,0,1,0,1,1,0,0,1,1,1,0,1,1
42,female,67,English,United States of America,320484,unexplained,1,1,1,1,1,1,1,1,1,1,1,0,1,1,1,1,0,0,1,0,0,0,0,0,0,0,0,0,1,1,1,1,1,1
43,male,33,english,United States of America,324246,explained,1,1,1,1,1,1,1,1,1,1,1,1,1,1,1,1,1,1,1,1,1,1,1,1,1,1,0,0,1,1,1,1,1,1
44,female,29,English,United States of America,929501,explained,1,1,1,1,1,1,1,1,1,1,1,1,1,1,1,1,1,0,0,0,1,0,0,0,0,0,0,0,1,1,1,0,1,1
45,female,33,English,United States of America,327289,explained,0,1,1,1,1,1,1,1,1,1,1,1,1,1,1,1,0,1,0,0,0,0,0,0,0,0,0,0,1,1,1,1,1,1
46,male,30,English,United States of America,299537,unexplained,1,1,1,1,1,1,1,1,1,1,1,1,1,1,1,1,1,1,1,1,1,0,0,0,0,1,0,0,1,1,1,1,1,1
47,female,26,English,United States of America,150404,unexplained,0,1,1,1,1,1,0,1,1,1,1,1,1,1,1,1,1,1,0,1,1,1,0,1,0,0,0,0,1,1,1,1,1,1
48,female,38,English,United States of America,240470,unexplained,0,1,1,1,1,1,1,1,1,1,1,1,1,1,1,1,0,1,1,1,1,0,0,0,0,0,0,0,1,1,1,1,1,1
49,male,29,English,United States of America,790132,unexplained,0,1,1,1,1,1,1,1,1,1,1,1,1,1,1,1,1,1,1,1,1,1,1,1,1,1,0,0,0,1,1,1,1,1
50,male,35,English,United States of America,374320,explained,0,1,1,1,1,1,1,1,1,1,1,1,1,1,1,1,1,1,1,1,1,0,1,0,1,1,0,0,1,1,1,1,1,1
51,male,30,English,United States of America,801264,unexplained,0,1,1,1,1,1,1,1,1,1,1,1,1,1,1,1,1,1,1,1,1,1,1,1,1,1,0,0,1,1,1,1,1,1
52,male,31,English,United States of America,754135,unexplained,0,1,1,1,1,1,1,1,1,1,1,0,1,1,1,1,0,1,1,1,1,0,0,0,1,1,0,0,1,1,1,1,1,1
53,male,29,English,United States of America,943664,explained,1,1,1,1,1,1,1,1,1,1,1,1,1,1,1,1,1,1,1,1,1,0,0,0,0,0,0,0,1,1,1,1,1,1
54,female,34,English,United States of America,870627,explained,0,1,1,1,1,1,1,1,1,1,1,1,1,1,0,1,0,0,1,0,1,0,0,0,0,1,0,0,1,1,1,1,1,1
55,male,34,English,United States of America,351433,unexplained,0,1,1,1,1,1,1,1,1,1,1,1,1,1,1,1,0,0,0,0,0,0,0,0,0,0,0,0,1,1,1,1,1,1
56,female,24,English,United States of America,503230,explained,1,1,1,1,1,1,0,1,1,1,1,0,0,1,1,1,0,0,0,1,1,0,0,0,0,1,0,0,1,1,1,1,1,1
57,male,51,english,United States of America,452970,explained,1,1,1,1,1,1,1,1,1,1,1,1,1,1,1,1,1,1,1,1,1,1,1,1,0,1,0,0,1,1,1,0,1,1
58,female,29,English,United States of America,250430,explained,0,1,1,1,1,1,1,1,1,1,1,1,1,1,1,1,1,1,1,0,1,1,0,1,1,0,0,0,1,1,0,1,1,1
59,female,34,English,United States of America,937800,explained,1,1,1,0,1,1,0,0,0,0,0,0,1,1,0,0,1,0,0,1,0,0,0,0,0,0,0,0,1,1,0,1,1,1
60,female,37,english,United States of America,197510,explained,1,1,1,1,1,1,1,1,1,1,1,0,0,1,1,1,1,0,1,1,1,0,0,1,0,0,0,0,0,1,1,1,1,1
61,female,46,English,United States of America,841462,unexplained,0,1,1,1,1,1,1,1,1,1,1,1,1,1,1,1,0,0,1,0,1,0,0,1,0,0,0,0,1,1,1,1,1,1
62,male,29,English,United States of America,988395,unexplained,0,1,1,1,1,1,1,1,1,1,1,1,1,1,1,1,1,0,0,1,1,0,0,0,0,0,0,0,1,1,1,1,1,1
63,male,36,English,United States of America,756374,unexplained,0,1,1,1,1,1,1,1,1,1,1,1,1,1,1,1,1,1,1,1,1,0,0,0,0,0,0,0,1,1,1,1,1,1
64,male,33,english,United States of America,654206,explained,1,1,1,1,1,1,1,1,1,1,1,1,1,1,1,1,1,1,1,1,1,0,0,0,0,1,0,0,1,1,1,1,1,1
65,female,36,English,United States of America,757332,unexplained,1,1,1,1,1,1,1,1,1,1,1,1,1,1,1,1,1,1,1,1,1,0,0,0,0,0,0,0,1,1,1,1,1,1
66,female,29,English,United States of America,220924,unexplained,1,1,1,1,1,1,1,1,1,1,1,1,1,1,1,1,0,0,0,0,0,0,0,0,0,0,0,0,1,1,1,1,1,1
67,female,43,English,United States of America,278220,unexplained,0,1,1,1,1,1,1,1,1,0,1,1,1,1,0,1,0,1,1,0,1,0,1,0,0,0,0,0,1,1,1,1,1,1
68,male,42,english,United States of America,346202,unexplained,1,1,1,1,1,1,1,1,1,1,1,1,1,1,1,1,1,1,1,1,1,0,1,1,1,1,0,0,1,1,1,1,1,1
69,female,47,English,United States of America,103188,explained,1,1,1,1,1,1,1,1,1,1,1,1,1,1,1,1,1,1,1,1,1,1,1,1,1,1,0,0,1,1,1,1,1,1
70,male,30,english,United States of America,419236,explained,1,1,1,1,1,1,1,1,1,1,1,1,1,1,1,1,1,1,1,1,1,1,0,1,1,1,0,0,1,1,1,1,1,1
71,female,43,English,United States of America,902287,explained,0,1,0,1,1,1,1,1,0,1,1,1,1,1,1,1,0,1,1,0,0,0,0,0,0,1,0,0,1,1,0,1,1,1
72,male,32,English,United States of America,472396,explained,1,1,1,1,1,1,1,1,1,1,1,1,1,1,1,1,0,0,0,0,0,0,0,0,0,0,0,0,1,1,1,1,1,1
73,female,30,English,United States of America,974448,explained,1,1,1,1,1,1,1,1,1,1,1,1,1,1,1,1,1,1,1,0,1,1,0,1,1,0,0,0,1,1,1,1,1,1
74,male,38,English,United States of America,267003,unexplained,1,1,1,1,1,1,1,1,1,1,1,1,1,1,1,1,1,1,1,1,1,0,0,0,0,0,0,0,1,1,1,1,1,1
75,male,32,English,United States of America,404806,explained,0,1,1,1,1,1,0,1,1,1,1,1,1,1,1,1,0,0,1,1,1,0,1,0,1,0,0,0,1,1,0,1,1,1
76,male,36,English,United States of America,313558,explained,1,1,1,1,1,1,1,1,1,1,1,1,1,1,1,1,0,0,0,0,0,0,0,0,0,0,0,0,1,1,1,1,1,1
77,male,44,English,United States of America,722349,explained,1,1,1,1,1,1,0,0,1,1,1,0,1,0,0,0,0,0,0,0,0,0,0,0,0,0,0,0,1,1,1,1,1,1
78,female,55,English ,United States of America,280537,unexplained,0,1,1,1,1,1,0,1,1,1,1,1,1,1,1,1,1,1,1,1,1,0,1,0,0,0,0,0,1,1,1,1,1,1
79,female,26,English,United States of America,308348,unexplained,1,1,1,1,1,1,1,1,1,1,1,0,0,1,1,1,0,0,0,0,0,0,0,0,0,0,0,0,1,1,1,1,1,1
80,male,36,English,United States of America,586028,explained,1,1,1,1,1,1,1,1,1,1,1,1,1,1,1,1,1,1,1,1,1,0,0,0,0,0,0,0,1,1,1,1,1,1
81,male,33,English,United States of America,134339,unexplained,1,1,1,1,1,1,0,1,1,1,1,0,1,1,1,1,0,1,1,1,1,0,0,1,1,0,0,0,1,1,1,1,1,1
82,male,28,English,United States of America,214342,explained,1,0,1,1,1,1,0,0,0,1,0,0,0,0,0,1,0,0,1,1,1,0,0,0,0,1,0,0,1,1,1,1,1,1
83,male,49,Polish,United States of America,665512,explained,1,1,1,1,1,1,1,1,1,1,1,1,1,1,1,1,0,1,1,1,1,0,1,1,0,1,0,0,1,1,1,1,1,1
84,female,59,English,United States of America,408033,unexplained,0,0,1,0,1,1,0,1,1,1,0,1,0,0,1,1,1,1,0,1,1,1,0,0,0,0,0,0,0,1,1,1,1,1
85,male,45,English,United States of America,439924,unexplained,0,1,1,1,1,1,1,1,1,1,1,1,1,1,1,1,1,1,1,1,1,0,0,0,0,1,0,0,1,1,1,1,1,1
86,male,30,English,United States of America,528423,explained,1,0,1,1,1,1,0,0,1,1,1,0,1,1,1,1,0,1,1,1,1,0,1,0,1,1,0,0,1,1,1,1,1,1
87,male,37,English,United States of America,729874,explained,1,0,0,0,1,1,0,0,1,1,1,0,0,1,1,1,0,0,0,1,1,0,0,0,0,0,0,0,1,1,1,1,1,1
88,female,59,English,United States of America,785918,unexplained,0,1,1,1,1,1,1,1,1,1,1,1,1,1,1,1,1,1,1,1,1,1,1,1,1,1,0,0,1,1,1,1,1,1
89,male,32,English,United States of America,325461,explained,1,1,1,1,1,1,0,0,1,0,0,0,0,1,0,0,0,0,0,0,0,0,0,0,0,0,0,0,1,1,1,1,1,1
90,male,33,English,United States of America,704757,unexplained,1,1,1,1,1,1,1,0,1,1,1,0,1,1,1,1,0,0,1,1,0,0,0,0,0,0,0,0,1,1,0,1,1,1
91,male,26,english,United States of America,747638,explained,1,1,0,0,0,0,1,1,0,1,1,1,1,1,1,1,0,1,1,1,0,1,0,1,1,0,1,0,1,0,0,0,0,1
92,female,46,Russian,United States of America,998766,explained,1,1,1,1,1,1,1,1,1,1,1,1,1,1,1,1,0,1,0,0,1,0,0,0,0,0,0,0,1,1,1,1,1,1
93,male,36,English,United States of America,353006,unexplained,0,1,1,1,1,1,1,1,1,1,1,1,1,1,1,1,0,0,0,0,0,0,0,0,0,0,0,0,1,1,1,1,1,1
94,male,42,English,United States of America,348212,explained,1,1,1,1,1,1,1,1,1,1,1,1,1,1,1,1,0,0,1,0,0,0,0,0,0,0,0,0,1,1,1,1,1,1
95,female,51,english,United States of America,553120,unexplained,0,1,1,1,1,1,1,1,1,1,1,1,1,1,1,1,1,1,1,1,1,0,1,0,1,1,0,0,1,1,1,1,1,1
96,female,32,english,United States of America,996300,unexplained,1,1,1,1,1,1,1,1,1,1,1,1,1,1,1,1,1,1,1,1,1,1,1,1,1,1,1,1,1,1,1,1,1,1
97,female,50,English,United States of America,747015,explained,1,1,1,1,1,1,1,1,1,1,1,1,1,1,1,1,1,1,1,1,1,1,1,1,1,1,0,0,1,1,1,1,1,1
98,male,42,English,United States of America,502972,unexplained,1,1,1,1,1,1,1,1,1,1,1,1,1,1,1,1,0,0,1,0,0,0,0,1,0,0,0,0,1,1,1,1,1,1
99,female,41,English,United States of America,571808,explained,0,1,1,1,1,1,1,1,1,1,1,1,1,1,1,1,1,1,1,1,1,0,1,0,1,1,0,0,1,1,1,1,1,1
100,male,63,english,United States of America,612601,unexplained,1,1,1,1,1,1,1,1,1,1,1,1,1,1,1,1,1,1,1,1,0,1,1,1,1,0,0,0,1,1,1,1,1,1
101,female,53,English,United States of America,754380,unexplained,1,1,1,1,1,1,1,1,1,1,1,1,1,1,1,1,1,1,1,1,1,1,1,1,1,1,0,0,1,1,1,1,1,1
102,female,72,English,United States of America,107279,unexplained,0,1,1,1,1,1,1,1,1,1,1,1,1,1,1,1,1,1,1,1,1,0,0,0,1,1,0,0,1,1,1,1,1,1
103,male,36,English,United States of America,106273,explained,1,1,1,1,1,1,1,1,1,1,1,0,1,1,1,1,0,0,0,1,0,0,0,0,0,0,0,0,1,1,1,1,1,1
104,female,39,english,United States of America,192297,unexplained,1,1,1,1,1,1,1,1,1,1,1,1,1,1,1,1,1,1,1,1,1,1,1,1,0,1,0,0,1,1,1,1,1,1
105,male,31,English,United States of America,271637,unexplained,0,1,1,1,1,1,1,1,1,1,1,1,1,1,1,1,0,0,0,0,0,0,0,0,0,0,0,0,1,1,1,1,1,1
106,female,54,English,United States of America,504900,explained,0,1,1,1,1,1,1,0,1,1,1,0,0,0,0,0,0,0,0,0,0,0,0,0,0,0,0,0,1,1,0,1,1,1
107,female,65,english,United States of America,360912,explained,1,1,1,1,1,1,1,1,1,1,1,1,1,1,1,1,0,0,0,1,0,0,0,0,0,0,0,0,1,1,1,1,1,1
108,male,33,English,United States of America,589332,explained,1,1,1,1,1,1,1,0,1,1,0,1,1,1,1,1,1,1,1,1,1,1,0,0,0,0,0,0,1,0,0,1,1,1
109,male,45,english,United States of America,757628,unexplained,1,1,1,1,1,1,1,1,1,1,1,1,1,1,1,1,1,1,1,1,1,1,1,1,1,1,0,0,1,1,1,1,1,1
110,female,58,English,United States of America,512402,unexplained,1,1,1,1,1,1,1,1,1,1,1,1,1,1,1,1,1,1,1,1,1,1,1,1,1,1,0,0,1,1,1,1,1,1
111,female,56,English,United States of America,248727,unexplained,0,1,1,1,1,1,1,1,1,1,1,1,1,1,1,1,1,1,1,1,1,1,0,0,0,1,0,0,1,1,1,1,1,1
112,female,29,english,United States of America,663265,explained,0,1,1,1,1,1,1,1,1,1,1,1,1,1,1,1,1,1,1,1,0,0,0,0,0,0,0,0,1,1,1,1,1,1
113,male,28,English,United States of America,516068,unexplained,1,1,1,1,1,1,1,1,1,1,1,1,1,1,1,1,1,1,1,1,1,1,0,1,1,1,0,0,1,1,1,1,1,1
114,female,54,English,United States of America,422563,unexplained,1,1,1,1,1,1,0,1,1,1,1,1,1,1,1,1,1,1,1,1,1,0,0,0,1,1,0,0,1,1,1,1,1,1
115,other,33,English,United States of America,623614,unexplained,1,1,1,1,1,1,1,1,1,1,1,0,1,1,0,0,0,0,0,0,0,0,0,0,0,0,0,0,1,1,1,1,1,1
116,male,39,English,United States of America,448560,explained,0,1,1,1,1,1,1,1,1,1,1,1,1,1,1,1,0,1,1,1,1,0,1,1,0,1,0,0,1,1,1,1,1,1
117,female,40,English,United States of America,610696,explained,1,1,1,1,1,1,1,1,1,1,1,1,1,1,1,1,1,1,1,1,1,1,1,1,1,1,0,1,1,1,1,1,1,1
118,female,24,English,United States of America,551844,unexplained,1,1,1,1,1,1,1,1,1,1,1,0,1,1,1,1,1,0,1,1,1,0,0,0,0,0,0,0,1,1,1,1,1,1
119,male,37,English,United States of America,992597,unexplained,0,1,1,1,1,1,0,1,1,1,1,1,1,1,1,1,0,1,1,1,0,0,0,0,0,0,0,0,1,1,1,1,1,1
120,female,50,English,United States of America,987531,unexplained,1,1,1,1,1,1,1,1,1,1,1,1,1,1,1,1,1,1,1,1,1,1,1,1,1,1,1,0,1,1,1,0,1,1
121,male,33,English,United States of America,820348,explained,0,1,1,1,1,1,1,1,1,1,1,1,1,1,1,1,1,1,1,1,0,0,0,0,0,0,0,0,1,1,1,1,1,1
122,female,24,English,United States of America,845645,unexplained,1,1,0,1,0,1,1,1,1,1,1,1,1,1,1,1,0,1,1,1,1,0,0,0,0,1,0,0,1,1,1,0,1,1
123,male,49,English,United States of America,536486,explained,1,1,1,1,1,1,1,1,1,1,1,1,1,1,1,1,1,1,1,1,1,1,1,1,1,1,0,0,1,1,1,1,1,1
124,male,34,English,United States of America,760771,unexplained,1,0,1,1,1,1,1,0,1,1,1,0,0,1,1,1,0,1,1,1,1,0,0,1,0,1,0,0,1,1,1,1,1,1
125,male,36,English,United States of America,514588,explained,1,1,1,1,1,1,0,0,1,1,1,0,0,0,1,1,0,0,0,0,1,0,0,0,0,0,0,0,1,1,1,1,1,1
126,female,55,English,United States of America,297870,explained,1,1,1,1,1,1,1,1,1,1,1,1,1,1,1,1,0,0,0,0,0,0,0,0,0,0,0,0,1,1,1,1,1,1
127,female,52,English,United States of America,579307,unexplained,1,1,1,1,1,1,1,1,1,1,1,1,1,1,1,1,1,1,1,1,1,1,1,1,1,1,0,0,1,1,0,0,1,1
128,female,38,English,United States of America,820037,unexplained,1,1,1,1,1,1,1,1,1,1,1,1,1,1,1,1,1,1,1,1,1,1,1,1,1,1,1,1,1,1,1,1,1,1
129,male,37,English,United States of America,817164,explained,0,1,1,1,1,1,1,1,1,1,1,1,1,1,1,1,0,0,0,0,0,0,0,0,0,0,0,0,1,1,1,1,1,1
130,male,31,English,United States of America,759747,explained,1,1,1,1,1,1,1,1,1,1,1,1,1,1,1,1,1,1,1,1,1,1,1,1,1,1,0,0,1,1,1,1,1,1
131,female,29,English,United States of America,937922,explained,0,1,1,1,1,1,1,1,0,0,1,1,0,0,0,1,0,0,0,1,0,0,0,0,0,0,0,0,1,1,1,1,1,1
132,female,39,English,United States of America,399426,explained,1,1,1,1,1,1,1,1,1,1,1,1,1,1,1,1,1,1,1,1,1,0,1,1,1,1,0,0,1,1,1,1,1,1
133,male,47,English,United States of America,771149,unexplained,1,1,1,1,1,1,1,1,1,1,1,1,0,1,1,1,1,1,1,1,1,1,1,1,1,1,0,0,1,1,1,1,1,1
134,male,39,English,United States of America,387540,unexplained,1,1,1,1,1,1,1,1,1,1,1,1,1,1,1,1,0,0,0,1,0,0,0,0,0,0,0,0,1,1,1,1,1,1
135,female,36,english,United States of America,506116,unexplained,1,1,1,1,1,1,1,1,1,1,1,0,1,1,1,1,0,1,1,1,1,0,0,1,1,1,0,0,1,1,1,1,1,1
136,female,34,english,United States of America,720629,explained,0,1,1,1,1,1,1,1,1,1,1,1,0,1,0,1,0,1,1,0,0,0,0,0,0,0,0,0,1,1,1,1,1,1
137,female,54,English,United States of America,695426,explained,1,1,1,1,1,1,1,1,1,1,1,0,0,0,0,0,0,0,0,0,0,0,0,0,0,0,0,0,1,1,1,1,1,1
138,male,32,English,United States of America,564456,unexplained,1,1,1,1,1,1,1,1,1,1,1,1,1,1,1,1,1,1,1,1,1,1,1,1,1,1,0,0,1,1,1,1,1,1
139,male,35,english,United States of America,358074,explained,1,1,1,1,1,1,1,1,0,0,1,0,1,0,0,0,1,1,0,0,0,0,0,0,0,0,0,0,1,1,1,1,1,1
140,male,55,english,United States of America,304178,unexplained,0,1,1,1,1,1,1,1,1,1,1,1,1,1,1,1,0,0,1,1,0,0,0,0,1,0,0,0,1,1,1,1,1,1
141,female,38,english,United States of America,765371,unexplained,1,1,1,1,1,1,1,1,1,1,1,1,1,1,1,1,1,1,1,1,1,1,1,1,0,1,0,0,0,0,1,1,1,1
142,male,36,English,United States of America,240349,explained,0,1,1,1,1,1,1,1,1,1,1,1,1,1,1,1,1,1,1,0,0,0,1,0,1,0,0,0,1,1,1,1,1,1
143,female,28,English,United States of America,136818,unexplained,1,1,0,1,1,1,1,1,1,1,1,1,1,1,1,1,1,1,1,1,1,1,0,1,1,1,0,0,0,0,0,1,1,1
144,female,34,english,United States of America,934270,unexplained,1,1,1,1,1,1,1,1,1,1,1,1,1,1,1,1,1,1,1,1,1,1,0,1,1,1,0,0,1,1,1,1,1,1
145,male,33,english,United States of America,900001,explained,1,1,1,1,1,1,1,1,1,1,1,1,1,1,1,1,1,1,1,1,1,0,1,1,1,1,0,0,1,1,1,1,1,1
146,female,38,English,United States of America,948040,unexplained,1,1,1,1,1,1,1,1,1,1,1,1,1,1,1,1,0,1,1,1,1,0,1,1,0,0,0,0,1,1,1,1,1,1
147,male,46,English,United States of America,909394,unexplained,0,1,1,1,1,1,1,1,1,1,1,1,1,1,1,1,1,1,1,1,1,1,0,1,0,1,0,0,1,1,1,1,1,1
148,male,32,English,United States of America,226482,explained,1,1,1,1,1,1,1,1,1,1,1,1,1,1,1,1,1,1,1,1,0,1,1,0,1,1,0,0,1,1,0,1,1,1
149,male,34,english,United States of America,792493,explained,0,1,1,1,1,1,1,1,1,1,1,1,1,1,1,1,1,1,1,1,1,0,0,1,1,1,0,0,1,1,1,1,1,1
150,male,31,English,United States of America,563061,unexplained,0,1,1,1,1,1,1,1,1,1,1,0,1,0,1,1,1,1,0,1,1,0,1,0,0,0,0,0,1,1,1,1,1,1
151,male,30,english,United States of America,184095,unexplained,0,1,1,1,1,1,1,1,1,1,1,1,1,1,1,1,0,0,0,0,0,0,0,0,0,0,0,0,1,1,1,1,1,1
152,male,46,English,United States of America,823405,explained,1,1,1,1,1,1,1,1,1,1,1,1,1,1,1,1,0,1,0,1,1,0,0,0,0,0,0,0,1,1,1,1,1,1
153,male,67,english,United States of America,453204,unexplained,1,1,1,1,1,1,1,1,1,1,1,1,1,1,1,1,1,1,1,0,1,0,0,0,0,0,0,0,1,1,1,1,1,1
154,male,29,English,United States of America,481368,explained,1,1,1,1,1,1,1,1,1,1,1,1,1,1,1,1,0,1,1,1,1,0,1,0,0,0,0,0,1,1,1,1,1,1
155,female,38,English,United States of America,242405,explained,1,1,1,1,0,1,0,0,1,1,1,1,1,1,1,1,1,1,1,1,1,1,1,1,1,1,0,0,1,1,0,1,1,1
156,female,59,English,United States of America,605873,unexplained,1,1,1,1,1,0,1,1,1,1,1,1,1,1,1,1,1,1,1,1,1,1,1,1,1,1,0,0,1,0,1,1,1,1
157,male,32,English,United States of America,576824,explained,0,1,1,1,1,1,1,1,1,1,1,1,1,1,1,1,1,1,1,1,0,0,0,0,0,0,0,0,1,1,1,1,1,1
158,male,31,English,United States of America,158365,explained,1,1,1,1,1,1,1,1,1,1,1,1,1,1,1,1,1,0,1,1,1,0,1,1,1,1,0,0,1,1,1,0,1,1
159,male,37,English,United States of America,291047,explained,1,1,1,1,1,1,1,1,1,1,1,1,1,1,1,1,1,1,1,1,1,0,0,0,1,1,0,0,1,1,1,1,1,1
160,female,30,English,United States of America,484179,explained,0,0,0,1,0,1,1,0,0,0,1,0,0,0,0,1,1,0,1,1,1,1,1,0,0,0,0,1,0,0,1,0,1,1
161,female,32,English,United States of America,340689,unexplained,0,1,1,1,1,1,1,1,1,1,1,1,0,1,1,1,0,0,1,1,1,0,0,1,1,1,0,0,1,1,1,1,1,1
162,male,35,English,United States of America,495014,unexplained,0,1,1,1,1,1,1,1,1,1,1,1,1,1,1,1,1,1,1,1,1,1,1,1,1,1,0,0,1,1,1,1,1,1
163,male,36,English,United States of America,918860,unexplained,1,1,1,1,1,1,1,1,1,1,1,1,1,1,1,1,1,1,1,1,1,0,0,0,0,0,0,0,1,1,1,1,1,1
164,male,31,English,United States of America,245251,explained,1,1,1,1,1,1,1,1,1,1,1,1,1,1,1,1,1,1,1,1,1,1,1,1,1,1,0,0,1,1,1,1,1,1
165,male,30,korean,United States of America,827221,unexplained,1,1,1,1,1,1,1,1,1,1,1,1,1,1,1,1,1,1,1,1,1,1,0,1,0,1,0,0,1,1,1,1,1,1
166,male,38,English,United States of America,343520,explained,1,1,1,1,1,1,1,1,1,1,1,1,1,1,1,1,1,1,1,1,1,1,1,1,1,1,1,0,1,1,1,1,1,1
167,female,40,english,United States of America,946159,explained,0,1,1,1,1,1,1,1,1,1,1,1,1,1,1,1,1,1,0,1,1,1,1,1,1,1,0,0,1,1,1,1,1,1
168,female,41,english,United States of America,549437,unexplained,1,1,1,1,1,1,1,1,1,1,1,1,1,1,1,1,1,1,1,1,1,1,1,1,0,1,0,0,1,1,1,1,1,1
169,male,58,english,United States of America,673344,explained,0,1,1,1,1,1,1,1,1,1,1,1,1,1,1,1,1,1,1,1,1,1,1,1,1,1,0,0,1,1,1,1,1,1
170,male,40,English,United States of America,243806,unexplained,1,1,1,1,1,1,1,1,1,1,1,0,1,1,1,1,1,1,0,0,1,0,0,0,0,0,0,0,1,1,1,1,1,1
171,male,43,English,United States of America,847171,unexplained,1,1,1,1,1,1,1,1,1,1,1,1,1,1,1,1,1,1,1,1,1,0,0,1,1,1,0,0,1,1,1,1,1,1
172,male,27,English,United States of America,573660,explained,1,1,1,1,1,1,0,1,1,1,1,0,1,1,1,1,1,0,1,0,1,0,0,0,0,0,0,0,1,1,1,0,1,1
173,male,29,English,United States of America,324006,explained,1,1,1,1,1,1,1,1,1,1,1,1,1,1,1,1,1,0,1,1,1,1,1,1,1,1,0,0,1,1,1,1,1,1
174,female,37,English,United States of America,224987,unexplained,1,1,1,1,1,1,1,1,1,1,1,1,1,1,1,1,0,1,0,0,1,1,0,1,0,1,0,0,1,1,1,1,1,1
175,male,25,English,United States of America,323074,explained,1,1,1,1,1,1,1,1,1,1,1,1,1,1,1,1,1,1,0,0,1,0,0,0,0,0,0,0,1,1,1,1,1,1
176,female,69,English,United States of America,443142,explained,1,1,1,1,1,1,1,1,1,1,1,1,1,1,1,1,0,1,0,0,1,0,0,0,0,0,0,0,1,1,1,1,1,1
177,male,33,English,United States of America,709576,unexplained,1,1,1,1,1,1,1,1,1,1,1,1,1,1,1,1,1,1,1,1,0,1,0,0,1,0,0,0,1,1,1,1,1,1
178,male,26,English,United States of America,964055,unexplained,1,1,1,1,1,1,1,1,1,1,1,1,1,1,1,1,1,1,1,1,1,0,1,1,0,0,0,0,1,1,1,1,1,1
179,female,59,English,United States of America,224868,explained,1,1,0,1,1,1,1,1,1,1,1,1,1,1,1,1,0,0,1,1,1,0,0,1,1,0,0,0,1,1,1,1,1,1
180,female,64,English,United States of America,863897,unexplained,1,1,1,1,1,1,1,1,1,1,1,1,1,1,1,1,1,1,0,1,1,0,0,0,1,0,0,0,1,1,1,1,1,1
181,female,32,english,United States of America,916930,explained,1,1,0,1,1,1,1,0,0,1,1,0,0,0,1,1,1,1,0,0,0,0,0,1,0,0,0,0,1,1,0,0,1,1
182,male,26,English,United States of America,879019,explained,1,1,1,1,1,1,1,1,1,1,1,1,1,1,0,0,0,0,0,1,1,0,0,0,0,0,0,0,1,1,1,1,1,1
183,male,28,english,United States of America,913610,explained,1,1,1,1,1,1,1,1,1,1,1,1,1,1,1,1,1,0,0,0,0,0,0,0,0,0,0,0,1,1,1,1,1,1
184,female,31,English,United States of America,992463,explained,1,1,1,1,1,1,1,1,1,1,1,1,1,1,1,1,1,1,1,1,1,1,1,1,1,1,0,0,1,1,1,1,1,1
185,male,30,English,United States of America,481504,unexplained,1,1,1,1,1,1,1,1,1,1,1,1,1,1,1,1,1,1,1,1,1,1,1,1,1,1,0,0,1,1,1,1,1,1
186,male,32,english,United States of America,833586,unexplained,0,1,1,1,1,1,1,1,1,1,1,1,1,1,1,1,1,1,0,1,1,0,0,0,1,1,0,0,1,1,1,1,1,1
187,female,33,English,United States of America,360233,explained,1,1,1,1,1,1,1,1,0,1,1,1,1,1,1,1,0,1,1,1,1,0,0,1,0,1,0,0,1,1,1,1,1,1
188,female,37,English,United States of America,487899,unexplained,1,1,1,1,1,1,1,1,1,1,1,1,1,1,1,1,0,1,1,1,1,1,0,1,0,1,0,0,1,1,1,1,1,1
189,male,28,English,United States of America,462215,explained,1,1,1,1,1,1,1,1,1,1,1,1,1,1,1,1,0,1,1,0,0,0,0,0,0,0,0,0,1,1,1,1,1,1
190,female,31,English,United States of America,419961,explained,1,1,1,1,1,1,1,1,1,1,1,0,1,1,1,1,0,1,0,0,0,0,0,0,0,0,0,0,1,1,1,1,1,1
191,male,41,English,United States of America,920250,unexplained,1,1,1,1,1,1,1,1,1,1,1,1,1,1,1,1,0,1,1,1,1,0,0,0,1,0,0,0,1,1,1,1,1,1
192,female,29,English,United States of America,873788,explained,1,1,0,1,1,1,1,1,1,1,1,0,1,1,1,1,1,1,1,1,1,1,0,1,0,1,0,0,1,1,0,1,1,1
193,male,34,English,United States of America,374151,explained,1,1,1,1,1,1,1,1,1,1,1,0,1,1,1,1,1,1,1,1,0,0,0,0,0,0,0,0,0,1,1,1,1,1
194,male,45,English,United States of America,453045,explained,1,1,1,1,1,1,1,1,1,1,1,1,1,1,1,1,0,0,1,1,1,0,0,0,0,0,0,0,1,1,1,1,1,1
195,male,36,english,United States of America,133077,explained,1,1,1,1,1,1,1,1,1,1,1,1,1,1,1,1,0,1,1,1,1,0,1,0,1,0,0,0,1,1,1,1,1,1
196,male,48,English,United States of America,578915,unexplained,1,1,1,1,1,1,1,1,1,1,1,1,1,1,1,1,0,0,0,0,0,0,0,0,0,0,0,0,1,1,1,1,1,1
197,female,29,english,United States of America,629802,unexplained,0,1,1,1,1,1,1,1,1,1,1,1,1,1,1,1,0,0,0,0,0,0,0,0,0,0,0,0,1,1,1,1,1,1
198,male,32,English,United States of America,925438,explained,1,1,1,1,1,1,1,1,1,1,1,1,1,1,1,1,1,1,1,1,1,0,1,0,1,1,0,0,0,1,1,1,1,1
199,female,44,English,United States of America,247812,explained,1,1,1,1,1,1,0,1,1,0,1,0,0,0,1,0,0,0,0,0,0,0,0,0,1,0,0,0,1,1,1,1,1,1
200,female,72,English,United States of America,396667,unexplained,1,1,1,1,1,1,1,1,1,1,1,1,1,1,1,1,1,1,1,1,1,1,1,1,1,1,0,0,1,1,1,1,1,1
201,female,53,English,United States of America,830743,explained,1,1,1,1,1,1,1,1,1,1,1,1,0,1,1,1,0,0,0,0,0,0,0,0,0,0,0,0,1,1,1,1,1,1
202,female,60,English,United States of America,434781,explained,1,1,1,1,1,1,0,0,0,0,1,1,1,0,1,1,0,0,0,0,0,0,0,0,0,0,0,0,0,1,1,1,1,1
203,female,38,English,United States of America,538289,explained,1,1,1,0,1,0,1,1,0,0,0,1,0,1,0,0,0,0,1,1,0,0,1,1,0,0,0,0,1,1,1,1,1,1
204,male,48,english,United States of America,515455,unexplained,0,1,1,1,1,1,1,1,1,1,1,1,1,1,1,1,1,1,0,1,1,0,0,0,0,0,0,0,1,1,1,1,1,1
205,female,42,English,United States of America,446000,unexplained,1,1,1,1,1,1,1,0,1,1,1,0,0,0,1,1,0,0,0,0,0,0,0,0,0,0,0,0,0,1,1,1,1,1
206,male,46,English,United States of America,964218,unexplained,1,1,1,1,1,1,1,1,1,1,1,1,1,1,1,1,0,0,0,1,1,0,1,0,0,0,0,0,1,1,1,1,1,1
207,male,28,english,United States of America,685660,unexplained,1,1,1,1,1,1,1,1,1,1,1,0,1,1,1,1,1,0,0,1,1,0,0,0,0,0,0,0,1,1,1,1,1,1
208,female,37,English ,United States of America,683481,unexplained,1,1,1,1,1,1,0,1,1,1,1,0,1,1,1,1,0,1,0,1,1,0,0,1,1,1,0,0,1,1,1,1,1,1
209,female,29,English,United States of America,963061,explained,1,1,1,1,1,1,1,1,1,1,1,1,1,1,1,1,0,1,1,1,1,0,0,0,1,1,0,0,1,1,1,1,1,1
210,male,33,English,United States of America,394858,unexplained,0,1,1,1,1,1,1,1,1,1,1,1,1,1,1,1,0,1,1,1,1,0,1,0,1,1,0,0,1,1,1,1,1,1
211,male,29,English,United States of America,176923,explained,1,0,1,1,1,0,0,0,0,0,0,0,0,0,0,0,0,0,1,0,0,0,0,0,0,0,0,0,1,1,1,1,1,1
212,female,61,English,United States of America,990398,unexplained,1,1,1,1,1,1,1,1,1,1,1,1,1,1,1,1,1,1,1,1,1,1,1,0,1,1,0,0,1,1,1,1,1,1
213,male,39,English,United States of America,677561,explained,1,1,1,1,1,1,1,0,1,1,1,1,1,1,1,1,0,1,1,1,1,0,0,1,1,1,0,0,1,1,1,1,1,1
214,male,27,English,United States of America,621182,explained,1,1,1,1,1,1,1,1,1,1,1,1,1,1,1,1,1,1,1,1,1,1,1,1,1,1,0,0,1,1,1,1,1,1
215,male,40,English,United States of America,538916,unexplained,1,1,1,1,1,1,1,1,1,1,1,1,1,1,1,1,1,1,1,1,1,1,1,0,1,1,0,0,1,1,0,1,1,1
216,male,47,English,United States of America,711318,explained,1,1,1,1,1,1,1,1,1,1,1,1,1,1,1,1,0,0,1,1,1,0,0,0,0,0,0,0,1,1,1,1,1,1
217,female,46,English,United States of America,781436,explained,1,1,0,1,0,1,0,0,1,1,0,0,1,1,1,1,1,1,1,0,0,0,0,1,0,1,0,0,1,1,1,1,1,1
218,male,59,English,United States of America,696361,unexplained,1,1,1,1,1,1,1,1,1,1,1,1,1,1,1,1,1,1,1,1,1,0,1,1,1,0,0,0,1,1,0,1,1,1
219,male,36,English,United States of America,974325,unexplained,1,1,1,1,1,1,1,1,1,1,1,1,1,1,1,1,1,1,1,1,1,0,1,1,1,1,0,0,1,1,1,1,1,1
220,male,27,English,United States of America,300634,explained,0,1,1,1,1,1,1,1,1,1,1,1,1,1,1,1,1,1,1,1,1,1,1,1,1,1,0,0,1,1,1,1,1,1
221,male,31,English,United States of America,618223,explained,1,1,1,1,1,1,1,0,1,0,1,0,0,1,1,1,0,0,1,0,1,0,0,1,0,1,0,0,1,1,0,1,1,1
222,male,31,English,United States of America,815443,explained,1,1,1,1,1,1,1,1,1,1,1,1,1,1,1,1,0,0,0,0,0,0,0,0,0,0,0,0,1,1,1,1,1,1
223,female,40,english,United States of America,930812,explained,1,1,1,1,1,1,1,1,1,1,1,1,1,1,1,1,1,1,1,1,1,1,1,1,0,1,0,0,1,1,1,1,1,1
224,male,41,English,United States of America,384583,explained,1,1,0,1,1,1,1,1,1,1,1,0,1,1,1,1,1,0,1,1,1,0,0,0,1,1,0,0,1,1,1,1,1,1
225,male,31,english,United States of America,557882,explained,1,0,1,0,1,1,1,1,1,1,1,0,0,1,1,1,1,0,1,0,1,0,0,1,0,1,0,0,1,1,1,1,1,1
226,male,38,English,United States of America,320199,explained,0,1,1,1,1,1,1,1,1,1,1,1,1,1,1,1,1,1,1,1,1,0,1,0,1,0,0,0,1,1,1,1,1,1
227,male,30,English,United States of America,273115,explained,0,1,1,1,1,1,1,1,0,1,1,1,1,1,1,0,0,1,1,1,1,0,1,1,0,1,0,0,1,1,1,0,1,1
228,male,26,english,United States of America,523435,unexplained,1,1,1,1,1,1,1,1,1,1,1,1,1,1,1,1,1,1,1,1,1,0,1,1,1,1,0,0,1,1,1,1,1,1
229,male,34,English,United States of America,457181,unexplained,1,1,1,1,1,1,1,1,1,1,1,1,1,1,1,1,0,0,0,1,0,0,0,0,0,0,0,0,1,1,1,1,1,1
230,male,29,English,United States of America,789698,unexplained,1,1,1,1,1,1,1,1,1,1,1,0,1,1,1,1,1,1,1,1,1,0,0,0,0,0,0,0,1,1,1,1,1,1
231,male,37,English,United States of America,394004,unexplained,0,1,1,1,1,1,1,1,1,1,1,1,1,1,1,1,1,1,1,1,1,0,0,0,0,0,0,0,1,1,1,1,1,1
232,male,33,English,United States of America,253820,unexplained,1,1,1,1,1,1,1,1,1,1,1,1,1,1,1,1,0,0,0,0,0,0,0,0,0,1,0,0,1,1,1,1,1,1
233,male,44,English,United States of America,942937,unexplained,0,1,1,1,1,1,1,1,1,1,1,1,1,1,1,1,1,1,1,1,1,0,1,1,1,1,0,0,1,1,1,1,1,1
234,male,37,English,United States of America,155566,unexplained,1,1,1,1,1,1,1,1,1,1,1,1,1,1,1,1,1,1,1,1,1,0,0,0,0,0,0,0,1,1,1,1,1,1
235,male,34,english,United States of America,833135,unexplained,1,1,1,1,1,1,1,1,1,1,1,1,1,1,1,1,0,0,0,0,0,0,0,0,0,0,0,0,1,1,1,1,1,1
236,female,30,English,United States of America,633434,explained,0,1,1,1,1,1,1,1,1,1,1,1,1,1,1,1,1,1,1,1,1,0,1,1,1,0,0,0,1,1,1,1,1,1
237,male,35,eng,United States of America,271673,explained,0,1,1,1,1,1,1,1,1,1,1,1,1,1,1,1,1,1,1,1,1,0,0,1,0,0,0,0,1,1,1,1,1,1
238,female,45,English ,United States of America,870323,explained,1,1,1,1,1,1,1,1,1,1,1,1,1,1,1,1,0,1,0,1,1,0,0,0,0,1,0,0,1,1,1,1,1,1
239,male,28,english,United States of America,777678,unexplained,1,1,1,1,1,1,1,1,1,1,1,1,1,1,1,1,1,0,0,1,0,0,0,0,0,0,0,0,1,1,1,1,1,1
240,male,41,English,United States of America,980257,explained,1,1,1,1,1,1,1,1,1,1,1,1,1,1,1,1,1,0,1,1,1,1,1,1,1,1,0,0,1,1,1,1,1,1
241,female,42,English,United States of America,640558,unexplained,1,1,1,1,1,1,1,1,1,1,1,1,1,1,1,1,0,1,1,1,1,1,0,1,0,0,0,0,1,1,1,1,1,1
242,female,68,ENGLISH,United States of America,638182,unexplained,1,1,1,1,1,1,1,1,1,1,1,1,1,1,1,1,0,1,1,1,1,1,1,1,0,1,0,0,1,1,1,1,1,1
243,male,39,English,United States of America,702962,unexplained,1,1,1,1,1,1,1,1,1,1,1,1,1,1,1,1,0,0,0,0,1,0,0,0,0,0,0,0,1,1,1,1,1,1
244,female,29,english,United States of America,349576,unexplained,0,1,1,1,1,1,1,1,1,1,1,1,1,1,1,1,1,1,1,1,1,1,1,1,1,1,0,0,1,1,1,1,1,1
245,female,53,English,United States of America,551251,explained,1,1,1,1,1,1,1,1,0,1,1,1,1,1,1,1,1,0,0,1,1,1,1,0,1,0,0,0,1,1,1,1,1,1
246,male,44,English,United States of America,627349,explained,1,1,1,1,1,1,1,1,1,1,1,1,1,1,1,1,1,1,1,1,1,1,1,1,1,1,1,1,1,1,1,1,1,1
247,female,42,English,United States of America,506433,explained,1,1,1,1,1,1,1,0,1,1,1,0,1,1,1,1,0,0,1,1,0,0,0,0,0,0,0,0,1,1,1,1,1,1
248,male,39,English,United States of America,385285,explained,1,1,1,1,1,1,1,0,1,1,1,1,1,1,1,1,0,0,0,0,0,0,0,0,0,0,0,0,1,1,0,1,1,1
249,female,38,english,United States of America,845592,explained,1,1,0,1,1,1,0,1,1,1,1,0,0,1,1,1,1,1,0,1,1,0,1,1,1,1,0,0,1,1,0,1,1,1
250,male,37,English,United States of America,246850,unexplained,1,1,1,1,1,1,1,1,1,1,1,1,1,1,1,1,1,1,1,1,1,0,0,0,0,0,0,0,1,1,1,1,1,1
251,male,31,english,United States of America,652281,unexplained,1,1,1,1,1,1,1,1,1,1,1,1,1,1,1,1,0,0,0,0,0,0,0,0,0,0,0,0,1,1,1,1,1,1
252,male,32,English,United States of America,760491,explained,1,1,1,1,1,1,1,1,1,1,1,1,1,1,1,1,1,1,1,1,1,1,1,1,1,1,0,0,1,1,1,1,1,1
253,female,26,english,United States of America,390756,explained,1,1,1,1,0,1,1,1,1,1,1,1,1,1,1,1,1,1,0,1,1,1,0,1,0,1,0,0,0,1,1,1,1,1
254,female,58,English,United States of America,982770,explained,0,1,1,1,1,1,1,1,1,1,1,1,1,1,1,1,0,0,1,0,0,0,0,0,0,0,0,0,1,1,1,1,1,1
255,female,36,English,United States of America,849732,explained,1,1,1,1,1,1,1,1,1,1,1,0,1,1,1,1,1,1,0,1,1,1,0,1,1,1,0,0,1,1,1,1,1,1
256,male,34,English,United States of America,770175,unexplained,1,1,1,1,1,1,1,1,1,1,1,1,1,1,1,1,1,1,1,1,1,0,0,0,0,1,0,0,1,1,1,1,1,1
257,female,45,English,United States of America,536993,unexplained,1,1,1,1,1,1,1,1,1,1,1,1,1,1,1,1,0,0,0,1,0,0,0,0,0,0,0,0,1,1,1,1,1,1
258,male,43,English,United States of America,358300,explained,0,1,1,1,1,1,1,1,1,1,1,1,1,1,1,1,0,0,1,0,0,0,0,0,0,0,0,0,1,1,1,1,1,1
259,male,32,English,United States of America,576900,explained,1,1,1,1,1,1,1,1,1,1,1,1,1,1,1,1,1,1,1,1,1,1,0,1,1,1,0,0,1,1,1,1,1,1
260,male,42,English,United States of America,910765,unexplained,1,1,1,1,1,1,1,1,1,1,1,1,1,1,1,1,1,1,1,1,1,1,1,1,1,1,1,0,1,1,1,1,1,1
261,male,25,english,United States of America,441102,unexplained,1,1,1,1,1,1,1,1,1,1,1,1,1,1,1,1,1,1,0,1,1,1,1,1,1,1,0,1,0,1,1,0,1,1
262,male,39,English,United States of America,887286,unexplained,0,1,1,1,1,1,1,1,1,1,1,0,0,0,0,1,0,0,0,0,0,0,0,0,0,0,0,0,1,1,1,1,1,1
263,male,51,English,United States of America,672152,explained,1,1,1,1,1,1,1,1,1,1,1,1,1,1,1,1,1,1,1,1,1,0,0,0,0,0,0,0,1,1,1,1,1,1
264,male,41,english,United States of America,125978,explained,1,1,1,1,0,1,1,1,1,1,0,1,0,1,0,0,0,1,1,0,0,0,1,0,0,0,0,0,1,1,1,1,1,1
265,male,28,English,United States of America,831970,explained,1,1,1,1,1,1,1,0,1,1,0,0,0,0,0,0,0,0,0,1,0,0,0,0,0,0,0,0,1,1,1,1,1,1
266,female,26,English,United States of America,446042,unexplained,1,1,1,1,1,1,1,1,1,1,1,1,1,1,1,1,0,1,1,0,1,0,0,0,0,0,0,0,1,1,1,1,1,1
267,male,44,english,United States of America,229850,explained,1,1,1,1,1,1,1,1,1,1,1,0,0,0,1,0,0,0,0,0,0,0,0,0,0,0,0,0,1,1,1,1,1,1
268,female,43,English,United States of America,841362,unexplained,1,1,1,1,1,1,1,1,1,1,1,1,1,1,1,1,1,1,1,1,1,1,1,1,1,1,0,0,1,1,1,1,1,1
269,female,48,English,United States of America,369564,unexplained,1,1,1,1,1,1,1,1,1,1,1,1,1,1,1,1,1,1,1,1,1,1,1,0,1,1,0,0,1,1,1,1,1,1
270,female,56,English,United States of America,584900,explained,1,1,1,1,1,1,1,1,1,1,1,1,1,1,1,1,1,0,1,1,0,0,1,0,0,0,0,0,1,1,1,1,1,1
271,male,42,English,United States of America,213266,unexplained,1,1,1,1,1,1,1,1,1,1,1,1,1,1,1,1,1,1,1,1,1,1,1,1,1,1,0,0,1,1,1,1,1,1
272,female,57,English,United States of America,949998,unexplained,0,0,1,1,1,1,0,0,1,1,1,0,0,1,1,1,1,0,1,1,1,1,0,0,0,0,0,0,1,1,1,1,1,1
273,female,41,English,United States of America,220115,explained,1,1,1,1,1,1,1,1,1,1,1,1,1,1,1,1,0,0,0,1,1,0,0,0,0,0,0,0,1,1,1,1,1,1
274,female,42,english,United States of America,152175,explained,1,1,1,1,1,0,1,1,1,1,1,1,0,1,1,1,0,0,0,0,0,0,0,0,0,0,0,0,1,1,1,1,1,1
275,male,24,English,United States of America,509873,explained,1,1,1,1,1,1,1,1,1,1,1,1,1,1,1,1,1,1,1,1,1,1,1,1,1,1,1,0,1,1,1,1,1,1
276,male,35,english,United States of America,866076,explained,1,1,1,1,1,1,1,1,1,1,1,1,1,1,1,1,0,1,1,0,1,0,1,0,0,0,0,0,1,1,1,1,1,1
277,male,35,English,United States of America,279159,explained,1,1,1,1,1,1,1,1,1,1,1,1,1,1,1,1,1,0,0,1,1,0,0,0,0,0,0,0,1,1,1,1,1,1
278,male,42,English,United States of America,986138,explained,1,1,1,1,1,1,0,1,1,1,1,0,0,1,1,1,0,0,1,1,1,0,0,0,0,0,0,0,1,1,1,1,1,1
279,male,29,English,United States of America,671292,explained,0,1,1,1,1,1,1,1,1,1,1,0,1,1,1,1,1,1,1,1,1,0,0,0,0,0,0,0,1,1,1,1,1,1
